<?xml version="1.0"?>
<?xml-stylesheet type="text/xsl" href="configuration.xsl"?>

<configuration>
<property>
<name>hbase.rootdir</name>
<value>hdfs://hadoop01:9000/hbase-1.0.1</value>
</property>

<property>
<name>hbase.cluster.distributed</name>
<value>true</value>
</property>

<property>
<name>hbase.zookeeper.quorum</name>
<value>hadoop01,hadoop02,hadoop03,hadoop04,hadoop05</value>
</property>

<property>
<name>zookeeper.znode.parent</name>
<value>/hbase1.0.1</value>
</property>

<property>
<name>hbase.master</name>
<value>hadoop01</value>
</property>
<property>
<name>hbase.master.maxclockskew</name>
<value>180000</value>
</property>

<property>
<name>hbase.tmp.dir</name>
<value>/home/share/hbase-1.0.1/tmp</value>
</property>

<property>
<name>hbase.zookeeper.property.dataDir</name>	  
<value>${hbase.tmp.dir}/zookeeper</value>
</property>

<property>
<name>hbase.master.info.port</name>	  
<value>60010</value>
</property>

<property>
<name>hbase.local.dir</name>
<value>/Users/huwei/tmp</value>
</property>

</configuration>
